{
  "success": true,
  "planner_class": "MotionPlanner",
  "robot_config_path": "/home/jetson/tashan/curobo2_demo_ws/robot_assets/ROKAE/robot/xms5_r800_w4g3b4c_dahuafuhe.yml",
  "robot_config_name": "xms5_r800_w4g3b4c_dahuafuhe.yml",
  "scene_model": null,
  "warmup_enable_graph": true,
  "warmup_iterations": 5,
  "tool_frames": [
    "tool0"
  ],
  "start_joint_names": [
    "XMS5-R800-W4G3B4C_joint_1",
    "XMS5-R800-W4G3B4C_joint_2",
    "XMS5-R800-W4G3B4C_joint_3",
    "XMS5-R800-W4G3B4C_joint_4",
    "XMS5-R800-W4G3B4C_joint_5",
    "XMS5-R800-W4G3B4C_joint_6"
  ],
  "start_joint_position": [
    -1.5709999799728394,
    1.5709999799728394,
    0.0,
    1.5709999799728394,
    1.5709999799728394,
    0.0
  ],
  "goal_delta_xyz": [
    0.15,
    0.0,
    0.06
  ],
  "start_tool_position": [
    -0.10369061678647995,
    -0.7999855875968933,
    0.4638160169124603
  ],
  "start_tool_quaternion_wxyz": [
    0.4997963309288025,
    0.4999999403953552,
    -0.5001018047332764,
    -0.5001018047332764
  ],
  "goal_position": [
    0.04630938917398453,
    -0.7999855875968933,
    0.5238159894943237
  ],
  "goal_quaternion_wxyz": [
    0.4997963309288025,
    0.4999999403953552,
    -0.5001018047332764,
    -0.5001018047332764
  ],
  "result_class": "TrajOptSolverResult",
  "interpolation_dt": 0.025,
  "notes": [
    "Stage-1 dahuafuhe target pose is selected by applying a small relative translation to the current tool0 pose.",
    "This step stays inside the standalone demo workspace and does not use ROS services or the main project install tree."
  ],
  "trajectory_waypoints": 21,
  "trajectory_duration": 0.525,
  "result_total_time": 0.18316904973983764,
  "interpolated_joint_names": [
    "XMS5-R800-W4G3B4C_joint_1",
    "XMS5-R800-W4G3B4C_joint_2",
    "XMS5-R800-W4G3B4C_joint_3",
    "XMS5-R800-W4G3B4C_joint_4",
    "XMS5-R800-W4G3B4C_joint_5",
    "XMS5-R800-W4G3B4C_joint_6"
  ],
  "interpolated_position_shape": [
    1,
    1,
    21,
    6
  ],
  "trajectory_contract": {
    "format": "joint_position_sequence",
    "storage_layout": "[waypoint_index][joint_index]",
    "sample_period_s": 0.025,
    "joint_names": [
      "XMS5-R800-W4G3B4C_joint_1",
      "XMS5-R800-W4G3B4C_joint_2",
      "XMS5-R800-W4G3B4C_joint_3",
      "XMS5-R800-W4G3B4C_joint_4",
      "XMS5-R800-W4G3B4C_joint_5",
      "XMS5-R800-W4G3B4C_joint_6"
    ],
    "waypoint_joint_count": 6,
    "waypoints": [
      [
        -1.5709999799728394,
        1.5709999799728394,
        0.0,
        1.5709999799728394,
        1.5709999799728394,
        0.0
      ],
      [
        -1.5709999799728394,
        1.5709999799728394,
        0.0,
        1.5709999799728394,
        1.5709999799728394,
        0.0
      ],
      [
        -1.5703164339065552,
        1.5701853036880493,
        -0.0010754000395536423,
        1.5710556507110596,
        1.5716816186904907,
        0.0002888825547415763
      ],
      [
        -1.566396713256836,
        1.5655053853988647,
        -0.007272104732692242,
        1.5713701248168945,
        1.5755903720855713,
        0.0019318789709359407
      ],
      [
        -1.5593401193618774,
        1.5570510625839233,
        -0.01853468455374241,
        1.5719177722930908,
        1.582626461982727,
        0.004837322048842907
      ],
      [
        -1.5496371984481812,
        1.5454180240631104,
        -0.03404800221323967,
        1.57266104221344,
        1.592301368713379,
        0.00880382489413023
      ],
      [
        -1.5377434492111206,
        1.5311542749404907,
        -0.05307578295469284,
        1.573566198348999,
        1.6041604280471802,
        0.013647785410284996
      ],
      [
        -1.5241096019744873,
        1.5147995948791504,
        -0.07489626854658127,
        1.5745996236801147,
        1.6177539825439453,
        0.01918763294816017
      ],
      [
        -1.5091782808303833,
        1.496885061264038,
        -0.09880232065916061,
        1.5757290124893188,
        1.6326411962509155,
        0.025246160104870796
      ],
      [
        -1.4933847188949585,
        1.4779350757598877,
        -0.12409341335296631,
        1.5769221782684326,
        1.6483876705169678,
        0.03164885565638542
      ],
      [
        -1.4771602153778076,
        1.4584678411483765,
        -0.15007545053958893,
        1.578147292137146,
        1.6645640134811401,
        0.038223255425691605
      ],
      [
        -1.4609341621398926,
        1.438999891281128,
        -0.17605780065059662,
        1.579372763633728,
        1.6807421445846558,
        0.044797737151384354
      ],
      [
        -1.4451355934143066,
        1.4200472831726074,
        -0.2013496309518814,
        1.580566644668579,
        1.6964939832687378,
        0.05120063200592995
      ],
      [
        -1.4301962852478027,
        1.4021291732788086,
        -0.22525626420974731,
        1.5816972255706787,
        1.711389422416687,
        0.05725932493805885
      ],
      [
        -1.4165526628494263,
        1.3857702016830444,
        -0.2470768690109253,
        1.582732081413269,
        1.724993109703064,
        0.06279926002025604
      ],
      [
        -1.4046481847763062,
        1.371502161026001,
        -0.26610448956489563,
        1.5836386680603027,
        1.7368627786636353,
        0.06764323264360428
      ],
      [
        -1.394935131072998,
        1.3598651885986328,
        -0.2816177308559418,
        1.5843836069107056,
        1.746546983718872,
        0.07160968333482742
      ],
      [
        -1.3878703117370605,
        1.3514078855514526,
        -0.29288068413734436,
        1.5849324464797974,
        1.7535902261734009,
        0.07451517134904861
      ],
      [
        -1.383945345878601,
        1.3467261791229248,
        -0.2990778684616089,
        1.5852477550506592,
        1.7575029134750366,
        0.07615822553634644
      ],
      [
        -1.3832608461380005,
        1.3459111452102661,
        -0.30015337467193604,
        1.585303544998169,
        1.7581851482391357,
        0.07644711434841156
      ],
      [
        -1.3832608461380005,
        1.3459111452102661,
        -0.30015337467193604,
        1.585303544998169,
        1.7581851482391357,
        0.07644711434841156
      ]
    ],
    "first_waypoint": [
      -1.5709999799728394,
      1.5709999799728394,
      0.0,
      1.5709999799728394,
      1.5709999799728394,
      0.0
    ],
    "last_waypoint": [
      -1.3832608461380005,
      1.3459111452102661,
      -0.30015337467193604,
      1.585303544998169,
      1.7581851482391357,
      0.07644711434841156
    ]
  },
  "final_tool_position": [
    0.04630942642688751,
    -0.7999854683876038,
    0.523815929889679
  ],
  "final_tool_quaternion_wxyz": [
    0.49979639053344727,
    0.49999991059303284,
    -0.5001018047332764,
    -0.5001017451286316
  ],
  "goal_position_error_norm": 1.383883869721103e-07,
  "result_solve_time": 0.12897820806503296
}
