{
  "success": true,
  "planner_class": "MotionPlanner",
  "robot_config_path": "/home/jetson/tashan/curobo2_demo_ws/robot_assets/dahuafuhe/robot/rokae_cr7_dahuafuhe.yml",
  "robot_config_name": "rokae_cr7_dahuafuhe.yml",
  "scene_model": null,
  "warmup_enable_graph": true,
  "warmup_iterations": 5,
  "tool_frames": [
    "tool0"
  ],
  "start_joint_names": [
    "joint_1",
    "joint_2",
    "joint_3",
    "joint_4",
    "joint_5",
    "joint_6"
  ],
  "start_joint_position": [
    -1.5709999799728394,
    1.5709999799728394,
    0.0,
    1.5709999799728394,
    1.5709999799728394,
    0.0
  ],
  "goal_delta_xyz": [
    0.12,
    0.0,
    0.05
  ],
  "start_tool_position": [
    -0.3704531490802765,
    -0.8538283705711365,
    0.19385068118572235
  ],
  "start_tool_quaternion_wxyz": [
    0.29864490032196045,
    0.6407867074012756,
    -0.6409868597984314,
    -0.2988970875740051
  ],
  "goal_position": [
    -0.2504531443119049,
    -0.8538283705711365,
    0.2438506782054901
  ],
  "goal_quaternion_wxyz": [
    0.29864490032196045,
    0.6407867074012756,
    -0.6409868597984314,
    -0.2988970875740051
  ],
  "result_class": "TrajOptSolverResult",
  "interpolation_dt": 0.025,
  "notes": [
    "Stage-1 dahuafuhe target pose is selected by applying a small relative translation to the current tool0 pose.",
    "This step stays inside the standalone demo workspace and does not use ROS services or the main project install tree."
  ],
  "trajectory_waypoints": 21,
  "trajectory_duration": 0.525,
  "result_total_time": 0.18478688383102415,
  "interpolated_joint_names": [
    "joint_1",
    "joint_2",
    "joint_3",
    "joint_4",
    "joint_5",
    "joint_6"
  ],
  "interpolated_position_shape": [
    1,
    1,
    21,
    6
  ],
  "trajectory_contract": {
    "format": "joint_position_sequence",
    "storage_layout": "[waypoint_index][joint_index]",
    "sample_period_s": 0.025,
    "joint_names": [
      "joint_1",
      "joint_2",
      "joint_3",
      "joint_4",
      "joint_5",
      "joint_6"
    ],
    "waypoint_joint_count": 6,
    "waypoints": [
      [
        -1.5709999799728394,
        1.5709999799728394,
        0.0,
        1.5709999799728394,
        1.5709999799728394,
        0.0
      ],
      [
        -1.5709999799728394,
        1.5709999799728394,
        0.0,
        1.5709999799728394,
        1.5709999799728394,
        0.0
      ],
      [
        -1.570507287979126,
        1.5708097219467163,
        4.917044861940667e-05,
        1.5709642171859741,
        1.5714917182922363,
        -0.0002362105733482167
      ],
      [
        -1.5676519870758057,
        1.5697168111801147,
        0.00032737330184318125,
        1.5707614421844482,
        1.5743409395217896,
        -0.001596123562194407
      ],
      [
        -1.5623986721038818,
        1.5677427053451538,
        0.0008137982804328203,
        1.5704070329666138,
        1.579582929611206,
        -0.0040652151219546795
      ],
      [
        -1.5551222562789917,
        1.5650242567062378,
        0.0014752750284969807,
        1.5699249505996704,
        1.5868443250656128,
        -0.007472585886716843
      ],
      [
        -1.546169638633728,
        1.5616880655288696,
        0.0022820967715233564,
        1.5693371295928955,
        1.5957789421081543,
        -0.01165780983865261
      ],
      [
        -1.5358823537826538,
        1.5578606128692627,
        0.003204524051398039,
        1.5686653852462769,
        1.6060459613800049,
        -0.016461651772260666
      ],
      [
        -1.5245972871780396,
        1.553666353225708,
        0.004213401116430759,
        1.5679309368133545,
        1.6173080205917358,
        -0.021727699786424637
      ],
      [
        -1.5126495361328125,
        1.5492275953292847,
        0.005279900971800089,
        1.5671544075012207,
        1.6292316913604736,
        -0.02730158530175686
      ],
      [
        -1.5003715753555298,
        1.5446648597717285,
        0.006375434808433056,
        1.566357135772705,
        1.6414846181869507,
        -0.03303055837750435
      ],
      [
        -1.4880937337875366,
        1.5400992631912231,
        0.00747150182723999,
        1.5655596256256104,
        1.6537367105484009,
        -0.038762498646974564
      ],
      [
        -1.4761476516723633,
        1.5356518030166626,
        0.008539540693163872,
        1.5647826194763184,
        1.665657877922058,
        -0.044344883412122726
      ],
      [
        -1.4648655652999878,
        1.5314449071884155,
        0.009550790302455425,
        1.564046859741211,
        1.676916241645813,
        -0.04962386190891266
      ],
      [
        -1.4545825719833374,
        1.5276029109954834,
        0.010476178489625454,
        1.5633738040924072,
        1.6871777772903442,
        -0.054443467408418655
      ],
      [
        -1.445635437965393,
        1.5242513418197632,
        0.011286240071058273,
        1.5627849102020264,
        1.6961063146591187,
        -0.058645378798246384
      ],
      [
        -1.4383653402328491,
        1.521518588066101,
        0.011950880289077759,
        1.5623018741607666,
        1.7033615112304688,
        -0.06206834688782692
      ],
      [
        -1.4331178665161133,
        1.5195335149765015,
        0.012439984828233719,
        1.5619467496871948,
        1.7085983753204346,
        -0.06454991549253464
      ],
      [
        -1.43026602268219,
        1.5184342861175537,
        0.012719896622002125,
        1.5617436170578003,
        1.711444616317749,
        -0.06591714173555374
      ],
      [
        -1.4297739267349243,
        1.5182428359985352,
        0.012769380584359169,
        1.5617077350616455,
        1.7119357585906982,
        -0.06615464389324188
      ],
      [
        -1.4297739267349243,
        1.5182428359985352,
        0.012769380584359169,
        1.5617077350616455,
        1.7119357585906982,
        -0.06615464389324188
      ]
    ],
    "first_waypoint": [
      -1.5709999799728394,
      1.5709999799728394,
      0.0,
      1.5709999799728394,
      1.5709999799728394,
      0.0
    ],
    "last_waypoint": [
      -1.4297739267349243,
      1.5182428359985352,
      0.012769380584359169,
      1.5617077350616455,
      1.7119357585906982,
      -0.06615464389324188
    ]
  },
  "final_tool_position": [
    -0.2504531741142273,
    -0.8538283109664917,
    0.2438506931066513
  ],
  "final_tool_quaternion_wxyz": [
    0.29864487051963806,
    0.6407867074012756,
    -0.6409868597984314,
    -0.2988970875740051
  ],
  "goal_position_error_norm": 6.828570064953965e-08,
  "result_solve_time": 0.12945180463790892
}
