{
  "success": true,
  "planner_class": "MotionPlanner",
  "robot_config_path": "/home/jetson/tashan/curobo2_demo_ws/robot_assets/dahuafuhe/robot/rokae_cr7_dahuafuhe.yml",
  "robot_config_name": "rokae_cr7_dahuafuhe.yml",
  "scene_model": null,
  "warmup_enable_graph": true,
  "warmup_iterations": 5,
  "tool_frames": [
    "tool0"
  ],
  "start_joint_names": [
    "joint_1",
    "joint_2",
    "joint_3",
    "joint_4",
    "joint_5",
    "joint_6"
  ],
  "start_joint_position": [
    -1.5709999799728394,
    1.5709999799728394,
    0.0,
    1.5709999799728394,
    1.5709999799728394,
    0.0
  ],
  "goal_delta_xyz": [
    0.05,
    0.0,
    0.02
  ],
  "start_tool_position": [
    -0.3704531490802765,
    -0.8538283705711365,
    0.19385068118572235
  ],
  "start_tool_quaternion_wxyz": [
    0.29864490032196045,
    0.6407867074012756,
    -0.6409868597984314,
    -0.2988970875740051
  ],
  "goal_position": [
    -0.32045313715934753,
    -0.8538283705711365,
    0.21385067701339722
  ],
  "goal_quaternion_wxyz": [
    0.29864490032196045,
    0.6407867074012756,
    -0.6409868597984314,
    -0.2988970875740051
  ],
  "result_class": "TrajOptSolverResult",
  "interpolation_dt": 0.025,
  "notes": [
    "Stage-1 dahuafuhe target pose is selected by applying a small relative translation to the current tool0 pose.",
    "This step stays inside the standalone demo workspace and does not use ROS services or the main project install tree."
  ],
  "trajectory_waypoints": 21,
  "trajectory_duration": 0.525,
  "result_total_time": 0.19064935088157653,
  "interpolated_joint_names": [
    "joint_1",
    "joint_2",
    "joint_3",
    "joint_4",
    "joint_5",
    "joint_6"
  ],
  "interpolated_position_shape": [
    1,
    1,
    21,
    6
  ],
  "trajectory_contract": {
    "format": "joint_position_sequence",
    "storage_layout": "[waypoint_index][joint_index]",
    "sample_period_s": 0.025,
    "joint_names": [
      "joint_1",
      "joint_2",
      "joint_3",
      "joint_4",
      "joint_5",
      "joint_6"
    ],
    "waypoint_joint_count": 6,
    "waypoints": [
      [
        -1.5709999799728394,
        1.5709999799728394,
        0.0,
        1.5709999799728394,
        1.5709999799728394,
        0.0
      ],
      [
        -1.5709999799728394,
        1.5709999799728394,
        0.0,
        1.5709999799728394,
        1.5709999799728394,
        0.0
      ],
      [
        -1.5708003044128418,
        1.5708874464035034,
        -7.427363016176969e-05,
        1.5709975957870483,
        1.571199655532837,
        -4.3867035856237635e-05
      ],
      [
        -1.569637656211853,
        1.5702356100082397,
        -0.0005015845526941121,
        1.5709835290908813,
        1.5723621845245361,
        -0.0002928194298874587
      ],
      [
        -1.567476511001587,
        1.5690377950668335,
        -0.001276288996450603,
        1.5709584951400757,
        1.574522852897644,
        -0.0007310884539037943
      ],
      [
        -1.5644667148590088,
        1.5673775672912598,
        -0.002344852779060602,
        1.5709247589111328,
        1.5775325298309326,
        -0.0013288256013765931
      ],
      [
        -1.560752272605896,
        1.565333366394043,
        -0.00365721364505589,
        1.5708833932876587,
        1.5812464952468872,
        -0.002058862941339612
      ],
      [
        -1.5564771890640259,
        1.5629842281341553,
        -0.005163712427020073,
        1.5708359479904175,
        1.5855216979980469,
        -0.002894346136599779
      ],
      [
        -1.5517830848693848,
        1.5604068040847778,
        -0.006815216038376093,
        1.5707837343215942,
        1.5902155637741089,
        -0.003808502107858658
      ],
      [
        -1.5468103885650635,
        1.5576781034469604,
        -0.008563051000237465,
        1.5707283020019531,
        1.5951882600784302,
        -0.0047749485820531845
      ],
      [
        -1.541698694229126,
        1.5548739433288574,
        -0.010359001345932484,
        1.5706712007522583,
        1.6003001928329468,
        -0.0057675521820783615
      ],
      [
        -1.5365869998931885,
        1.552070140838623,
        -0.012154651805758476,
        1.570613980293274,
        1.605412244796753,
        -0.006760000251233578
      ],
      [
        -1.5316143035888672,
        1.549342393875122,
        -0.013902097009122372,
        1.5705575942993164,
        1.6103845834732056,
        -0.0077262804843485355
      ],
      [
        -1.5269205570220947,
        1.5467668771743774,
        -0.015552916564047337,
        1.5705044269561768,
        1.6150785684585571,
        -0.008640240877866745
      ],
      [
        -1.5226458311080933,
        1.5444194078445435,
        -0.017058590427041054,
        1.570455551147461,
        1.6193532943725586,
        -0.009475354105234146
      ],
      [
        -1.5189317464828491,
        1.5423774719238281,
        -0.018370438367128372,
        1.570412516593933,
        1.6230671405792236,
        -0.010205133818089962
      ],
      [
        -1.5159220695495605,
        1.5407190322875977,
        -0.01943853870034218,
        1.5703771114349365,
        1.626076579093933,
        -0.0108025586232543
      ],
      [
        -1.513761281967163,
        1.5395230054855347,
        -0.02021300233900547,
        1.5703513622283936,
        1.628237009048462,
        -0.011240615509450436
      ],
      [
        -1.5125988721847534,
        1.5388721227645874,
        -0.020640315487980843,
        1.5703364610671997,
        1.6293995380401611,
        -0.011489435099065304
      ],
      [
        -1.5123991966247559,
        1.538759708404541,
        -0.020714599639177322,
        1.5703338384628296,
        1.6295993328094482,
        -0.011533276177942753
      ],
      [
        -1.5123991966247559,
        1.538759708404541,
        -0.020714599639177322,
        1.5703338384628296,
        1.6295993328094482,
        -0.011533276177942753
      ]
    ],
    "first_waypoint": [
      -1.5709999799728394,
      1.5709999799728394,
      0.0,
      1.5709999799728394,
      1.5709999799728394,
      0.0
    ],
    "last_waypoint": [
      -1.5123991966247559,
      1.538759708404541,
      -0.020714599639177322,
      1.5703338384628296,
      1.6295993328094482,
      -0.011533276177942753
    ]
  },
  "final_tool_position": [
    -0.32045310735702515,
    -0.8538283705711365,
    0.21385052800178528
  ],
  "final_tool_quaternion_wxyz": [
    0.2986448109149933,
    0.6407866477966309,
    -0.6409868597984314,
    -0.29889705777168274
  ],
  "goal_position_error_norm": 1.519626238177807e-07,
  "result_solve_time": 0.13251769423484802
}
